{"fork": 0.0, "num_contributors": 0.18010819886165602, "open_issues_count": 0.2540437553564015, "has_wiki": -0.03991652358722508, "has_downloads": -0.006903052164664465, "num_releases": -0.001746103441019957, "archived": -0.0028871811679573737, "has_projects": -0.003184097470166768, "contributor_popularity": 0.5333947407998199, "average_commit_char_count": -41.51633187270687, "num_pull_requests": 0.023271452629684556, "commits": 4.79047254995878, "created_time": 0.04870411595382107, "owner_popularity": 0.6737702370827033, "owner.type": -0.04305165621784759, "size": -0.2343043092637013}