{"fork": 0.0, "open_issues_count": 0.5083525282550456, "has_wiki": 0.06818375952377698, "has_downloads": 0.0820685406095123, "archived": 0.00022026336590589272, "has_projects": 0.07722875778783224, "contributor_popularity": 0.18339913825833631, "owner_popularity": 0.0816707449659873, "owner.type": 0.033495894310298285, "size": -0.002699544147603342}