{
    "fork": 0.0,
    "open_issues_count": 0.7617609487904938,
    "has_wiki": 0.07622891269555064,
    "has_downloads": 0.11691310735000413,
    "archived": 0.0017639127388336666,
    "has_projects": 0.09685581439656779,
    "contributor_popularity": 0.16414108461898605,
    "owner_popularity": 0.05287413268153191,
    "owner.type": -0.04465857746597808,
    "size": 8.616701844320649e-05
}