{
    "fork": 0.0,
    "num_contributors": 0.018082144711789393,
    "open_issues_count": 0.025470526036814854,
    "has_wiki": -0.0040065488208066765,
    "has_downloads": -0.0006904088121081572,
    "num_releases": -0.0002057833291957702,
    "archived": -0.00028180819896902163,
    "has_projects": -0.00032866577440781696,
    "contributor_popularity": 0.054132881916347665,
    "average_commit_char_count": -4.16420805538301,
    "num_pull_requests": 0.0023800267363665393,
    "commits": 0.48336794466338306,
    "created_time": -0.004856080815560215,
    "owner_popularity": 0.06750872773538354,
    "owner.type": -0.0043212254945143025,
    "size": -0.007616338003647474
}